method,role,taxonomy_category,representative_paper,seed,split,accuracy,balanced_accuracy,macro_precision,macro_recall,macro_f1
mil_ce,baseline,baseline,Attention MIL with cross-entropy,0,val,0.8619808306709266,0.789295348504013,0.8328493537635997,0.789295348504013,0.7998552554826128
mil_ce,baseline,baseline,Attention MIL with cross-entropy,0,test,0.8875686725437588,0.8168256464037421,0.8466384499444841,0.8168256464037421,0.8233560662839299
mil_ce,baseline,baseline,Attention MIL with cross-entropy,1,val,0.8883637757057096,0.8448890188126379,0.8514536903229631,0.8448890188126379,0.8445680694135183
mil_ce,baseline,baseline,Attention MIL with cross-entropy,1,test,0.8967544083823153,0.8563281598121633,0.8771466255934963,0.8563281598121633,0.8623337911282243
mil_ce,baseline,baseline,Attention MIL with cross-entropy,2,val,0.8931356257190336,0.8457031274608655,0.8586722633190873,0.8457031274608655,0.8491674002881229
mil_ce,baseline,baseline,Attention MIL with cross-entropy,2,test,0.8868310129007536,0.8341472081207375,0.8385891797943097,0.8341472081207375,0.8333523420982899
mil_weighted_ce,baseline,algorithm-level losses,Class-weighted attention MIL,0,val,0.8738658146964856,0.8440194467878286,0.827794059796199,0.8440194467878286,0.8316293382930553
mil_weighted_ce,baseline,algorithm-level losses,Class-weighted attention MIL,0,test,0.876453302670244,0.8299812900277763,0.8228422430372013,0.8299812900277763,0.8197106514447412
mil_weighted_ce,baseline,algorithm-level losses,Class-weighted attention MIL,1,val,0.883893217524588,0.8392788815904018,0.8598966809402502,0.8392788815904018,0.8441573113804157
mil_weighted_ce,baseline,algorithm-level losses,Class-weighted attention MIL,1,test,0.886276514183491,0.8535744887751981,0.8622813889032084,0.8535744887751981,0.8498291981005964
mil_weighted_ce,baseline,algorithm-level losses,Class-weighted attention MIL,2,val,0.8877668413652051,0.8431225208912511,0.8470116259817614,0.8431225208912511,0.8396489872019515
mil_weighted_ce,baseline,algorithm-level losses,Class-weighted attention MIL,2,test,0.8771235151360327,0.8187891820218143,0.8259260512298374,0.8187891820218143,0.81783663172174
mil_focal,baseline,algorithm-level losses,Focal attention MIL,0,val,0.8762939297124601,0.8188554815398084,0.8437014751823408,0.8188554815398084,0.8271261735363931
mil_focal,baseline,algorithm-level losses,Focal attention MIL,0,test,0.8807972403219624,0.8160872119084805,0.8421983852243717,0.8160872119084805,0.8217667798780081
mil_focal,baseline,algorithm-level losses,Focal attention MIL,1,val,0.869842891812492,0.8209107077581657,0.8402488610859399,0.8209107077581657,0.8246464088511187
mil_focal,baseline,algorithm-level losses,Focal attention MIL,1,test,0.8741374904165602,0.8359838441773317,0.8488834243998786,0.8359838441773317,0.8376232541921594
mil_focal,baseline,algorithm-level losses,Focal attention MIL,2,val,0.8843154799948869,0.8355005418565827,0.8374082119187668,0.8355005418565827,0.832925285453102
mil_focal,baseline,algorithm-level losses,Focal attention MIL,2,test,0.8810831523821688,0.8196487587292985,0.835228891138778,0.8196487587292985,0.8225031872873682
mil_balanced_sampler_ce,baseline,data-level sampling,Balanced-sampling attention MIL,0,val,0.8674760383386582,0.8222968788924485,0.8404526602069079,0.8222968788924485,0.825394102722443
mil_balanced_sampler_ce,baseline,data-level sampling,Balanced-sampling attention MIL,0,test,0.8884630126485243,0.8315213368794029,0.8505359708765383,0.8315213368794029,0.8343044768800898
mil_balanced_sampler_ce,baseline,data-level sampling,Balanced-sampling attention MIL,1,val,0.8849150593945587,0.8459384809070885,0.8510888331174787,0.8459384809070885,0.8433384272824204
mil_balanced_sampler_ce,baseline,data-level sampling,Balanced-sampling attention MIL,1,test,0.8901098901098901,0.8547215623895457,0.8564183993264729,0.8547215623895457,0.8492548582476294
mil_balanced_sampler_ce,baseline,data-level sampling,Balanced-sampling attention MIL,2,val,0.8903234053432187,0.8505784529167391,0.8565714899035193,0.8505784529167391,0.8507334356350145
mil_balanced_sampler_ce,baseline,data-level sampling,Balanced-sampling attention MIL,2,test,0.8767403244347937,0.8258808746200711,0.8263953072229688,0.8258808746200711,0.8232942868239636
rankmix_mil,representative,data-level augmentation,Chen and Lu; RankMix,0,val,0.8775718849840256,0.8615785833373667,0.8286927007170538,0.8615785833373667,0.840424908653169
rankmix_mil,representative,data-level augmentation,Chen and Lu; RankMix,0,test,0.8920403730675865,0.8618927492533224,0.8288389903684927,0.8618927492533224,0.8408199179541673
rankmix_mil,representative,data-level augmentation,Chen and Lu; RankMix,1,val,0.9049687060927322,0.8733403255523007,0.8718266992797148,0.8733403255523007,0.8673685826898262
rankmix_mil,representative,data-level augmentation,Chen and Lu; RankMix,1,test,0.9048044978277536,0.8713203055203902,0.8697060087621076,0.8713203055203902,0.8672163763834364
rankmix_mil,representative,data-level augmentation,Chen and Lu; RankMix,2,val,0.9028505688354851,0.8705913212949377,0.8660830308334473,0.8705913212949377,0.8645158096604726
rankmix_mil,representative,data-level augmentation,Chen and Lu; RankMix,2,test,0.885425980329544,0.8544737883272099,0.8309594789548236,0.8544737883272099,0.8364944585033343
sc_mil,representative,representation and architecture,Juyal et al.; SC-MIL,0,val,0.8812779552715655,0.8463807694672727,0.8553651454643358,0.8463807694672727,0.8475682499562032
sc_mil,representative,representation and architecture,Juyal et al.; SC-MIL,0,test,0.8878241982879775,0.837369156586639,0.8493151923949058,0.837369156586639,0.8389674181651665
sc_mil,representative,representation and architecture,Juyal et al.; SC-MIL,1,val,0.8855537105632904,0.8501245752711609,0.8462564667905548,0.8501245752711609,0.8450246198210937
sc_mil,representative,representation and architecture,Juyal et al.; SC-MIL,1,test,0.8796319959110657,0.854026264287761,0.843574894559868,0.854026264287761,0.8457620011768545
sc_mil,representative,representation and architecture,Juyal et al.; SC-MIL,2,val,0.8918573437300269,0.8525119440651987,0.8554422505406201,0.8525119440651987,0.8513361173916676
sc_mil,representative,representation and architecture,Juyal et al.; SC-MIL,2,test,0.8748243709285988,0.8206465582389388,0.8184267215883202,0.8206465582389388,0.814724047185869
